Datetime,Water Level (m)
2025-08-12 00:00:00,1.4380002
2025-08-12 01:00:00,1.2994412
2025-08-12 02:00:00,1.0164832
2025-08-12 03:00:00,0.7442632
2025-08-12 04:00:00,0.4880277
2025-08-12 05:00:00,0.2811768
2025-08-12 06:00:00,0.099489816
2025-08-12 07:00:00,-0.040931843
2025-08-12 08:00:00,0.1420983
2025-08-12 09:00:00,0.77832973
2025-08-12 10:00:00,1.3054465
2025-08-12 11:00:00,1.7822628
2025-08-12 12:00:00,1.9846569
2025-08-12 13:00:00,1.8548149
2025-08-12 14:00:00,1.5126194
2025-08-12 15:00:00,1.1964153
2025-08-12 16:00:00,0.9143653
2025-08-12 17:00:00,0.6758069
2025-08-12 18:00:00,0.45990497
2025-08-12 19:00:00,0.27661878
2025-08-12 20:00:00,0.17155956
2025-08-12 21:00:00,0.5920212
2025-08-12 22:00:00,1.1593206
2025-08-12 23:00:00,1.6282787
2025-08-13 00:00:00,1.9646907
2025-08-13 01:00:00,2.0143673
2025-08-13 02:00:00,1.7467012
2025-08-13 03:00:00,1.4273031
2025-08-13 04:00:00,1.1398975
2025-08-13 05:00:00,0.88780355
2025-08-13 06:00:00,0.664663
2025-08-13 07:00:00,0.47707498
2025-08-13 08:00:00,0.3543914
2025-08-13 09:00:00,0.70976806
2025-08-13 10:00:00,1.3328903
2025-08-13 11:00:00,1.8158813
2025-08-13 12:00:00,2.1781352
2025-08-13 13:00:00,2.2518766
2025-08-13 14:00:00,1.9798651
2025-08-13 15:00:00,1.6454605
2025-08-13 16:00:00,1.3370495
2025-08-13 17:00:00,1.0676602
2025-08-13 18:00:00,0.826858
2025-08-13 19:00:00,0.62009954
2025-08-13 20:00:00,0.4478239
2025-08-13 21:00:00,0.42202184
2025-08-13 22:00:00,0.96658957
2025-08-13 23:00:00,1.514989
2025-08-14 00:00:00,1.9361118
2025-08-14 01:00:00,2.1991727
2025-08-14 02:00:00,2.1345894
2025-08-14 03:00:00,1.8326862
2025-08-14 04:00:00,1.5179236
2025-08-14 05:00:00,1.2310842
2025-08-14 06:00:00,0.9830464
2025-08-14 07:00:00,0.7654572
2025-08-14 08:00:00,0.5864372
2025-08-14 09:00:00,0.5049413
2025-08-14 10:00:00,0.9176601
2025-08-14 11:00:00,1.4759729
2025-08-14 12:00:00,1.884095
2025-08-14 13:00:00,2.1504767
2025-08-14 14:00:00,2.1340158
2025-08-14 15:00:00,1.8592097
2025-08-14 16:00:00,1.5431631
2025-08-14 17:00:00,1.2487388
2025-08-14 18:00:00,0.99453753
2025-08-14 19:00:00,0.7728105
2025-08-14 20:00:00,0.5845151
2025-08-14 21:00:00,0.43242264
2025-08-14 22:00:00,0.5387166
2025-08-14 23:00:00,1.1173283
2025-08-15 00:00:00,1.6004279
2025-08-15 01:00:00,1.9522105
2025-08-15 02:00:00,2.1530282
2025-08-15 03:00:00,2.0392263
2025-08-15 04:00:00,1.7459599
2025-08-15 05:00:00,1.4375969
2025-08-15 06:00:00,1.1659281
2025-08-15 07:00:00,0.9324176
2025-08-15 08:00:00,0.7275557
2025-08-15 09:00:00,0.5660432
2025-08-15 10:00:00,0.53837806
2025-08-15 11:00:00,0.93696815
2025-08-15 12:00:00,1.4127913
2025-08-15 13:00:00,1.7579267
2025-08-15 14:00:00,1.9524575
2025-08-15 15:00:00,1.9006057
2025-08-15 16:00:00,1.6413752
2025-08-15 17:00:00,1.3426306
2025-08-15 18:00:00,1.0723243
2025-08-15 19:00:00,0.84123564
2025-08-15 20:00:00,0.63906205
2025-08-15 21:00:00,0.4673627
2025-08-15 22:00:00,0.3461575
2025-08-15 23:00:00,0.51764077
2025-08-16 00:00:00,1.0370402
2025-08-16 01:00:00,1.4817717
2025-08-16 02:00:00,1.7911421
2025-08-16 03:00:00,1.9637725
2025-08-16 04:00:00,1.8555075
2025-08-16 05:00:00,1.5825622
2025-08-16 06:00:00,1.2954988
2025-08-16 07:00:00,1.0410963
2025-08-16 08:00:00,0.822186
2025-08-16 09:00:00,0.6348879
2025-08-16 10:00:00,0.48971897
2025-08-16 11:00:00,0.45851916
2025-08-16 12:00:00,0.7605071
2025-08-16 13:00:00,1.1888325
2025-08-16 14:00:00,1.4952105
2025-08-16 15:00:00,1.6603019
2025-08-16 16:00:00,1.6545714
2025-08-16 17:00:00,1.4422779
2025-08-16 18:00:00,1.1805215
2025-08-16 19:00:00,0.93767923
2025-08-16 20:00:00,0.7308585
2025-08-16 21:00:00,0.55135983
2025-08-16 22:00:00,0.4024288
2025-08-16 23:00:00,0.31604326
2025-08-17 00:00:00,0.5127242
2025-08-17 01:00:00,0.9784022
2025-08-17 02:00:00,1.407044
2025-08-17 03:00:00,1.7189494
2025-08-17 04:00:00,1.9274334
2025-08-17 05:00:00,1.8867637
2025-08-17 06:00:00,1.6455374
2025-08-17 07:00:00,1.3692534
2025-08-17 08:00:00,1.1149449
2025-08-17 09:00:00,0.8982982
2025-08-17 10:00:00,0.71071064
2025-08-17 11:00:00,0.5636118
2025-08-17 12:00:00,0.48146102
2025-08-17 13:00:00,0.59735215
2025-08-17 14:00:00,0.95822513
2025-08-17 15:00:00,1.3017422
2025-08-17 16:00:00,1.4911529
2025-08-17 17:00:00,1.5851436
2025-08-17 18:00:00,1.48435
2025-08-17 19:00:00,1.2667391
2025-08-17 20:00:00,1.0353956
2025-08-17 21:00:00,0.83490676
2025-08-17 22:00:00,0.66037977
2025-08-17 23:00:00,0.52022046
2025-08-18 00:00:00,0.4401709
